City_ID,City,Country,Lat,Lng,Max Temp,Humidity,Cloudiness,Wind Speed,Current Description
0,Strezhevoy,RU,60.7333,77.5889,23.77,97,85,4.74,light snow
1,New Norfolk,AU,-42.7826,147.0587,47.71,83,18,2.48,few clouds
2,Rikitea,PF,-23.1203,-134.9692,79.41,71,7,15.84,clear sky
3,Albany,US,42.6001,-73.9662,47.64,91,100,10.0,moderate rain
4,Broome,US,42.2506,-75.833,48.38,83,100,1.01,moderate rain
5,Carhuaz,PE,-9.2819,-77.6447,64.53,73,98,2.44,light rain
6,Portoferraio,IT,42.8115,10.3146,56.52,79,8,14.12,clear sky
7,Florianopolis,BR,-27.6146,-48.5012,72.7,78,75,6.91,broken clouds
8,Busselton,AU,-33.65,115.3333,63.84,64,85,7.05,overcast clouds
9,East London,ZA,-33.0153,27.9116,61.48,64,18,16.28,few clouds
10,San Patricio,US,28.017,-97.5169,82.17,14,0,15.48,clear sky
11,Vila Franca Do Campo,PT,37.7167,-25.4333,63.01,93,100,19.1,overcast clouds
12,Cidreira,BR,-30.1811,-50.2056,69.96,89,100,9.33,overcast clouds
13,Mahebourg,MU,-20.4081,57.7,76.24,83,46,14.18,light rain
14,Evensk,RU,61.95,159.2333,13.46,77,100,3.2,overcast clouds
15,Ushuaia,AR,-54.8,-68.3,40.66,70,20,11.5,few clouds
16,Tasiilaq,GL,65.6145,-37.6368,19.56,94,100,11.27,light snow
17,Byron Bay,AU,-28.65,153.6167,66.7,85,95,10.33,overcast clouds
18,Samana,DO,19.2056,-69.3369,84.42,79,20,6.91,few clouds
19,Ambilobe,MG,-13.2,49.05,74.71,94,98,1.74,overcast clouds
20,Porbandar,IN,21.6422,69.6093,83.34,55,34,9.8,scattered clouds
21,Dikson,RU,73.5069,80.5464,2.77,97,100,11.43,overcast clouds
22,Henties Bay,NA,-22.116,14.2845,60.93,85,0,8.41,clear sky
23,Krasnokamensk,RU,50.0979,118.0369,41.47,73,77,16.93,broken clouds
24,Iqaluit,CA,63.7506,-68.5145,16.7,67,13,3.0,few clouds
25,Ribeira Grande,PT,38.5167,-28.7,60.75,82,100,9.6,overcast clouds
26,Izumo,JP,35.3667,132.7667,49.05,84,36,8.9,scattered clouds
27,Qaanaaq,GL,77.484,-69.3632,-3.78,81,13,6.02,few clouds
28,Mataura,NZ,-46.1927,168.8643,50.81,90,99,9.71,overcast clouds
29,Avarua,CK,-21.2078,-159.775,86.05,74,40,12.66,scattered clouds
30,Hermanus,ZA,-34.4187,19.2345,57.63,76,5,10.69,clear sky
31,Kodiak,US,57.79,-152.4072,38.71,70,100,8.05,overcast clouds
32,Esperance,AU,-33.8667,121.9,64.38,62,43,18.3,scattered clouds
33,Torbay,CA,47.6666,-52.7314,36.28,95,100,14.97,light intensity drizzle
34,Lianzhou,CN,24.7811,112.3825,62.26,74,0,1.92,clear sky
35,Amahai,ID,-3.3333,128.9167,77.74,85,99,2.06,overcast clouds
36,Mehamn,NO,71.0357,27.8492,33.71,74,40,13.8,scattered clouds
37,Cape Town,ZA,-33.9258,18.4232,60.28,73,0,13.0,clear sky
38,Provideniya,RU,64.3833,-173.3,3.36,85,75,7.0,mist
39,Carnarvon,AU,-24.8667,113.6333,75.27,83,40,8.05,scattered clouds
40,Mar Del Plata,AR,-38.0023,-57.5575,60.87,88,75,15.01,broken clouds
41,Hilo,US,19.7297,-155.09,80.33,57,20,12.66,few clouds
42,Punta Arenas,CL,-53.15,-70.9167,48.11,61,0,8.05,clear sky
43,Innisfail,AU,-17.5333,146.0333,73.38,86,65,5.01,broken clouds
44,Leningradskiy,RU,69.3833,178.4167,-4.27,92,100,10.87,overcast clouds
45,Cherskiy,RU,68.75,161.3,-11.29,99,86,1.1,overcast clouds
46,Bluff,NZ,-46.6,168.3333,55.81,72,97,27.07,overcast clouds
47,Bouafle,CI,6.9904,-5.7442,83.97,77,78,2.64,light rain
48,Udachnyy,RU,66.4167,112.4,8.46,71,99,4.83,overcast clouds
49,Khatanga,RU,71.9667,102.5,0.68,94,97,12.17,overcast clouds
50,Vaini,TO,-21.2,-175.2,79.09,73,100,4.38,overcast clouds
51,Savannah Bight,HN,16.45,-85.85,81.54,82,50,17.18,scattered clouds
52,Jardim,BR,-21.4803,-56.1381,87.24,52,67,3.47,broken clouds
53,Puerto Ayora,EC,-0.7393,-90.3518,85.96,73,31,10.13,scattered clouds
54,Kita,ML,13.0349,-9.4895,94.5,10,72,3.51,broken clouds
55,Kapaa,US,22.0752,-159.319,80.58,70,20,18.41,few clouds
56,Saskylakh,RU,71.9167,114.0833,-24.88,100,18,3.27,few clouds
57,Chokurdakh,RU,70.6333,147.9167,-18.13,92,64,4.52,broken clouds
58,Te Anau,NZ,-45.4167,167.7167,51.1,84,100,5.7,overcast clouds
59,Kloulklubed,PW,7.0419,134.2556,80.73,82,100,16.04,overcast clouds
60,Pevek,RU,69.7008,170.3133,-0.87,88,100,7.34,overcast clouds
61,Port Blair,IN,11.6667,92.75,80.33,80,100,4.05,overcast clouds
62,Atuona,PF,-9.8,-139.0333,79.29,71,38,15.17,scattered clouds
63,Castro,BR,-24.7911,-50.0119,67.17,88,100,4.59,moderate rain
64,Tiksi,RU,71.6872,128.8694,-12.71,100,86,1.92,overcast clouds
65,Nara,JP,34.6851,135.8049,52.92,68,0,3.38,clear sky
66,Anchorage,US,61.2181,-149.9003,41.65,59,0,9.22,clear sky
67,Nguruka,TZ,-5.1092,31.0419,66.36,93,100,3.51,overcast clouds
68,Namibe,AO,-15.1961,12.1522,71.06,77,0,4.88,clear sky
69,Hasaki,JP,35.7333,140.8333,46.8,64,27,10.36,scattered clouds
70,Yellowknife,CA,62.456,-114.3525,37.92,44,20,8.05,few clouds
71,Geraldton,AU,-28.7667,114.6,73.81,88,40,10.36,scattered clouds
72,Abu Samrah,SY,35.3029,37.1841,60.46,60,100,7.43,overcast clouds
73,Inuvik,CA,68.3499,-133.7218,40.06,35,75,4.61,broken clouds
74,Trairi,BR,-3.2778,-39.2689,76.84,92,100,8.63,overcast clouds
75,Komsomolskiy,UZ,40.4272,71.7189,66.92,39,97,6.91,overcast clouds
76,Umm Lajj,SA,25.0213,37.2685,82.74,37,66,8.75,broken clouds
77,Taoudenni,ML,22.6783,-3.9836,87.12,9,0,9.98,clear sky
78,Bredasdorp,ZA,-34.5322,20.0403,56.14,76,14,4.36,few clouds
79,Jacqueville,CI,5.2052,-4.4146,82.15,83,90,13.11,overcast clouds
80,Knysna,ZA,-34.0363,23.0471,55.63,79,51,4.18,broken clouds
81,Guadix,ES,37.2993,-3.1392,51.46,60,0,2.66,clear sky
82,Nikolskoye,RU,59.7035,30.7861,41.81,100,100,5.66,overcast clouds
83,Ostrovnoy,RU,68.0531,39.5131,20.5,83,5,11.1,clear sky
84,Ponta Do Sol,PT,32.6667,-17.1,61.43,75,53,2.26,broken clouds
85,Ancud,CL,-41.8697,-73.8203,60.22,83,97,3.98,overcast clouds
86,Tupik,RU,54.4253,119.9327,16.18,99,99,1.86,overcast clouds
87,Palauig,PH,15.435,119.9045,79.11,78,100,4.29,overcast clouds
88,San Cristobal,VE,7.7669,-72.225,80.78,47,68,6.93,broken clouds
89,Tuktoyaktuk,CA,69.4541,-133.0374,21.2,68,40,6.91,scattered clouds
90,Martil,MA,35.6166,-5.2752,58.96,67,0,10.36,clear sky
91,Kenai,US,60.5544,-151.2583,42.89,65,0,12.66,clear sky
92,Hobart,AU,-42.8794,147.3294,48.06,89,20,6.91,few clouds
93,Arraial Do Cabo,BR,-22.9661,-42.0278,76.86,83,40,5.75,scattered clouds
94,Dunedin,NZ,-45.8742,170.5036,57.79,57,100,14.0,overcast clouds
95,Ampanihy,MG,-24.7,44.75,74.26,89,73,4.09,broken clouds
96,Kuloy,RU,61.0305,42.4925,29.93,87,100,9.44,overcast clouds
97,Bay Roberts,CA,47.5999,-53.2648,37.06,83,100,5.99,overcast clouds
98,Kedrovyy,RU,56.1667,91.8167,30.87,97,63,5.26,broken clouds
99,Haines Junction,CA,60.7522,-137.5108,39.15,45,100,5.75,overcast clouds
100,Quelimane,MZ,-17.8786,36.8883,80.55,89,75,5.75,broken clouds
101,Bambous Virieux,MU,-20.3428,57.7575,79.05,83,20,10.36,light rain
102,Birjand,IR,32.8663,59.2211,63.07,9,0,13.8,clear sky
103,Klaksvik,FO,62.2266,-6.589,34.72,69,100,32.41,light snow
104,Kavaratti,IN,10.5669,72.642,83.23,73,61,7.05,broken clouds
105,Thinadhoo,MV,0.5333,72.9333,82.33,69,8,4.47,clear sky
106,Vardo,NO,70.3705,31.1107,31.98,74,20,25.32,few clouds
107,Cherdyn,RU,60.403,56.4787,29.52,95,100,10.56,light snow
108,Pumiao,CN,22.75,108.4833,59.4,52,0,2.82,clear sky
109,Chapais,CA,49.7834,-74.8492,35.38,97,100,14.72,overcast clouds
110,Souillac,MU,-20.5167,57.5167,77.34,85,77,12.97,light rain
111,Thompson,CA,55.7435,-97.8558,42.96,28,20,5.75,few clouds
112,Severo-Kurilsk,RU,50.6789,156.125,30.54,79,100,4.54,overcast clouds
113,Mahanje,TZ,-9.9333,35.3333,63.99,96,5,3.38,clear sky
114,Port Hedland,AU,-20.3167,118.5667,78.85,89,0,3.44,clear sky
115,Monze,ZM,-16.2833,27.4833,68.0,82,79,1.74,broken clouds
116,Vila Velha,BR,-20.3297,-40.2925,80.55,80,75,8.05,broken clouds
117,Atherton,GB,53.5237,-2.4935,42.89,68,5,5.01,clear sky
118,Lerwick,GB,60.1545,-1.1494,37.4,64,94,21.7,overcast clouds
119,Hailar,CN,49.2,119.7,41.34,60,100,13.73,overcast clouds
120,Pucallpa,PE,-8.3791,-74.5539,87.84,62,40,5.75,scattered clouds
121,Port Alfred,ZA,-33.5906,26.891,55.18,82,40,4.0,scattered clouds
122,Kaitangata,NZ,-46.2817,169.8464,52.32,80,100,13.78,light rain
123,Kingman,US,35.1894,-114.053,77.54,7,0,10.36,clear sky
124,Mackenzie,CA,55.2999,-123.1698,41.22,81,100,2.3,overcast clouds
125,Jamestown,US,42.097,-79.2353,44.19,71,100,23.02,moderate rain
126,Palenque,MX,17.5167,-91.9667,87.96,66,40,23.02,scattered clouds
127,Talnakh,RU,69.4865,88.3972,4.57,100,100,3.76,overcast clouds
128,Vao,NC,-22.6667,167.4833,79.81,84,95,30.15,moderate rain
129,Upernavik,GL,72.7868,-56.1549,7.97,92,100,1.19,overcast clouds
130,Verdun,FR,49.25,5.3333,49.15,68,84,20.38,broken clouds
131,Sorland,NO,67.667,12.6934,36.77,57,18,13.0,few clouds
132,Husavik,IS,66.0449,-17.3389,26.38,83,100,3.51,overcast clouds
133,Longyearbyen,SJ,78.2186,15.6401,10.24,67,20,11.5,few clouds
134,Nizhniy Odes,RU,63.6445,54.856,11.23,97,87,3.53,overcast clouds
135,Ahipara,NZ,-35.1667,173.1667,63.23,73,88,7.65,overcast clouds
136,Atar,MR,20.5169,-13.0499,79.7,16,0,11.74,clear sky
137,Lebu,CL,-37.6167,-73.65,60.1,88,72,9.22,broken clouds
138,Bakau,GM,13.4781,-16.6819,72.59,71,58,11.99,broken clouds
139,Nouadhibou,MR,20.931,-17.0347,66.18,72,0,18.41,clear sky
140,Mount Gambier,AU,-37.8333,140.7667,52.56,96,1,5.84,clear sky
141,Hudson Bay,CA,52.85,-102.3842,35.35,85,100,4.68,overcast clouds
142,Ambon,ID,-3.6954,128.1814,80.74,78,40,8.05,scattered clouds
143,Muzhi,RU,65.3667,64.6667,8.1,96,100,6.55,overcast clouds
144,Alofi,NU,-19.0595,-169.9187,82.29,78,40,14.97,scattered clouds
145,Lata,PT,40.1629,-8.3327,57.81,77,100,3.36,overcast clouds
146,Zhigansk,RU,66.7697,123.3711,-13.94,100,100,6.11,overcast clouds
147,Saint-Philippe,RE,-21.3585,55.7679,74.79,86,57,13.96,light rain
148,Manta,EC,-0.95,-80.7333,80.38,78,20,10.36,few clouds
149,Palmer,US,42.1584,-72.3287,52.25,69,100,5.99,overcast clouds
150,Juneau,US,58.3019,-134.4197,45.99,95,75,21.85,broken clouds
151,Phangnga,TH,8.4509,98.5298,75.24,94,88,1.79,overcast clouds
152,Georgetown,MY,5.4112,100.3354,78.73,89,20,0.0,few clouds
153,Beloha,MG,-25.1667,45.05,73.83,91,22,2.46,few clouds
154,Emerald,AU,-23.5333,148.1667,67.33,75,3,6.85,clear sky
155,Fort Nelson,CA,58.8053,-122.7002,47.79,20,75,3.44,broken clouds
156,Caravelas,BR,-17.7125,-39.2481,78.62,78,67,5.7,broken clouds
157,Vestmannaeyjar,IS,63.4427,-20.2734,34.7,66,90,3.56,overcast clouds
158,Springdale,US,36.1867,-94.1288,55.22,39,75,24.16,broken clouds
159,Coffs Harbour,AU,-30.3,153.1333,69.76,73,100,14.97,overcast clouds
160,Ilulissat,GL,69.2167,-51.1,21.22,79,75,5.75,light shower snow
161,Garchitorena,PH,13.8804,123.6946,77.41,87,100,7.4,light rain
162,Barrow,US,71.2906,-156.7887,-2.18,78,100,3.44,overcast clouds
163,Luohe,CN,33.5717,114.0353,56.21,91,0,6.96,clear sky
164,Santiago Del Estero,AR,-27.7951,-64.2615,85.01,50,10,13.73,clear sky
165,San Juan,AR,-31.5375,-68.5364,85.59,22,0,10.38,clear sky
166,Sarakhs,IR,36.5449,61.1577,64.54,52,98,2.3,overcast clouds
167,Ararat,AM,39.8317,44.7049,44.94,75,78,1.92,broken clouds
168,Oktyabrskoye,RU,43.0645,44.7417,39.34,86,43,4.47,scattered clouds
169,Marzuq,YE,14.4,46.4667,67.87,50,84,5.99,broken clouds
170,Jinxiang,CN,27.4327,120.6062,57.97,73,0,3.71,clear sky
171,Sompeta,IN,18.9333,84.6,77.63,79,10,10.47,clear sky
172,Korla,CN,41.7597,86.1469,62.51,21,7,4.56,clear sky
173,Lavrentiya,RU,65.5833,-171.0,-4.68,85,100,6.33,overcast clouds
174,Aklavik,CA,68.2191,-135.0107,30.2,51,75,0.0,broken clouds
175,Sioux Lookout,CA,50.1001,-91.917,35.67,55,100,13.8,overcast clouds
176,Senneterre,CA,48.3835,-77.2328,36.99,97,100,9.24,light rain
177,Kodinsk,RU,58.6881,99.1844,28.29,92,95,7.9,overcast clouds
178,Farafangana,MG,-22.8167,47.8333,76.78,86,67,7.43,light rain
179,North Vanlaiphai,IN,23.1333,93.0667,56.68,70,2,2.57,clear sky
180,Shelburne,CA,44.0787,-80.2041,53.24,62,93,14.5,overcast clouds
181,Rancho San Diego,US,32.7473,-116.9353,100.29,11,0,17.0,clear sky
182,Soe,ID,-9.8607,124.284,64.6,88,99,3.38,overcast clouds
183,Rondonopolis,BR,-16.4708,-54.6356,83.34,72,2,3.38,clear sky
184,Yulara,AU,-25.2406,130.9889,58.84,51,0,8.05,clear sky
185,College,US,64.8569,-147.8028,37.35,48,40,0.0,scattered clouds
186,La Libertad,EC,-2.2333,-80.9,80.26,74,0,10.36,clear sky
187,Lulea,SE,65.5842,22.1547,28.47,100,75,2.3,broken clouds
188,Alta,NO,69.9689,23.2717,30.18,82,40,17.0,scattered clouds
189,Wakkanai,JP,45.4094,141.6739,37.53,66,74,15.93,broken clouds
190,Aasiaat,GL,68.7098,-52.8699,10.24,91,97,2.1,overcast clouds
191,Rafai,CF,4.95,23.9167,69.06,92,96,7.7,moderate rain
192,Wemmel,BE,50.9081,4.3061,48.87,73,75,26.46,light intensity shower rain
193,Lorengau,PG,-2.0226,147.2712,80.78,83,100,16.53,overcast clouds
194,Mingaora,PK,34.7758,72.3625,67.23,31,4,8.03,clear sky
195,Maryville,US,35.7565,-83.9705,64.65,35,40,21.85,scattered clouds
196,Bhuvanagiri,IN,11.4667,79.6333,81.41,79,86,1.88,overcast clouds
197,Samarai,PG,-10.6167,150.6667,80.56,81,100,12.26,overcast clouds
198,Narsaq,GL,60.9167,-46.05,35.82,83,56,4.09,broken clouds
199,Homer,US,59.6425,-151.5483,44.04,72,0,6.91,clear sky
200,Airai,TL,-8.9266,125.4092,59.16,83,100,2.71,overcast clouds
201,Osakarovka,KZ,50.565,72.5692,34.41,85,100,7.18,overcast clouds
202,Aswan,EG,24.0934,32.907,85.87,14,8,10.78,clear sky
203,Coquimbo,CL,-29.9533,-71.3436,58.73,88,40,13.8,scattered clouds
204,Hurghada,EG,27.2574,33.8129,83.17,25,23,8.84,few clouds
205,Teya,RU,60.3778,92.6267,27.23,86,100,8.88,light snow
206,Lompoc,US,34.6391,-120.4579,95.77,36,6,6.62,clear sky
207,Vostok,RU,46.4856,135.8833,16.54,87,42,4.76,scattered clouds
208,Cayenne,GF,4.9333,-52.3333,77.04,1,75,4.61,heavy intensity rain
209,Reconquista,AR,-29.15,-59.65,66.92,91,100,6.73,overcast clouds
210,Itambacuri,BR,-18.0311,-41.685,78.91,72,100,3.98,overcast clouds
211,Petropavlovsk-Kamchatskiy,RU,53.0452,158.6483,32.59,100,100,2.24,light intensity shower rain
212,Hithadhoo,MV,-0.6,73.0833,82.08,62,8,3.11,clear sky
213,Touros,BR,-5.1989,-35.4608,80.64,78,38,11.16,scattered clouds
214,Pecos,US,31.4229,-103.4932,68.09,9,0,9.22,clear sky
215,Padang,ID,-0.9492,100.3543,78.15,70,100,2.42,overcast clouds
216,Namwala,ZM,-15.7504,26.4384,67.55,88,87,4.07,overcast clouds
217,Faanui,PF,-16.4833,-151.75,81.66,76,16,20.94,light rain
218,Togur,RU,58.3631,82.8265,27.01,96,90,6.53,overcast clouds
219,Zarubino,RU,42.63,131.0922,34.2,50,3,6.82,clear sky
220,Arlit,NE,18.7369,7.3853,89.73,6,1,8.28,clear sky
221,Naze,JP,28.3667,129.4833,63.52,72,38,11.36,scattered clouds
222,Rio Grande City,US,26.3798,-98.8203,83.1,10,1,8.03,clear sky
223,Trzacka Rastela,BA,44.9733,15.7903,49.96,72,82,11.16,broken clouds
224,Palu,ID,-0.8917,119.8707,74.23,89,91,2.42,overcast clouds
225,Mezen,RU,65.8522,44.24,26.33,97,94,4.18,overcast clouds
226,Suntar,RU,62.1444,117.6319,9.41,96,100,3.36,overcast clouds
227,Robertson,US,36.5167,-86.8667,60.22,40,100,14.97,overcast clouds
228,Lucapa,AO,-8.4192,20.7447,65.35,97,49,3.56,scattered clouds
229,Kruisfontein,ZA,-34.0033,24.7314,55.89,80,12,7.4,light rain
230,Mishelevka,RU,52.8575,103.1719,33.62,97,99,4.38,overcast clouds
231,Kuryk,KZ,43.2,51.65,57.52,54,95,9.84,overcast clouds
232,Aksu,CN,41.1231,80.2644,64.22,19,73,3.69,broken clouds
233,Wewak,PG,-3.5534,143.6268,78.01,87,93,4.52,overcast clouds
234,Killybegs,IE,54.6333,-8.45,41.5,75,44,9.46,scattered clouds
235,Impfondo,CG,1.6381,18.0667,74.25,82,56,1.21,broken clouds
236,Luganville,VU,-15.5333,167.1667,81.27,83,100,7.65,overcast clouds
237,Tautira,PF,-17.7333,-149.15,82.0,75,16,18.7,few clouds
238,Port Lincoln,AU,-34.7333,135.8667,60.6,87,11,7.31,few clouds
239,San Quintin,MX,30.4833,-115.95,78.26,34,0,8.43,clear sky
240,Cabo San Lucas,MX,22.8909,-109.9124,88.61,34,0,10.36,clear sky
241,Praia,CV,14.9215,-23.5087,72.14,73,20,16.11,few clouds
242,Port Elizabeth,ZA,-33.918,25.5701,59.31,67,20,17.27,few clouds
243,Dahuk,IQ,36.8695,42.994,58.93,56,30,0.83,scattered clouds
244,Saint-Francois,FR,46.4154,3.9054,54.84,77,75,11.5,broken clouds
245,Road Town,VG,18.4167,-64.6167,82.44,69,40,9.22,scattered clouds
246,Urengoy,RU,65.9667,78.3667,-6.0,100,99,5.97,overcast clouds
247,Kanniyakumari,IN,8.0833,77.5667,81.81,78,100,5.32,overcast clouds
248,Worland,US,44.0169,-107.9554,55.6,21,0,11.99,clear sky
249,Guerrero Negro,MX,27.9769,-114.0611,85.01,24,3,13.56,clear sky
250,Bara,NG,10.3744,10.7288,87.15,23,13,1.28,few clouds
251,Pallasovka,RU,50.05,46.8833,49.93,65,80,9.06,broken clouds
252,Eagle Pass,US,28.7091,-100.4995,80.28,11,0,4.94,clear sky
253,Kutum,SD,14.2,24.6667,78.03,11,3,8.5,clear sky
254,Chuy,UY,-33.6971,-53.4616,68.4,73,100,7.67,overcast clouds
255,Kidal,ML,18.4411,1.4078,92.88,6,0,7.43,clear sky
256,Manokwari,ID,-0.8667,134.0833,78.28,78,100,4.25,overcast clouds
257,Antalaha,MG,-14.9003,50.2788,75.04,92,96,5.32,overcast clouds
258,Jaguaruna,BR,-28.615,-49.0256,71.19,82,100,6.53,light rain
259,Dingle,PH,10.9995,122.6711,74.34,96,100,7.54,heavy intensity rain
260,Sitka,US,57.0531,-135.33,42.69,81,100,14.97,moderate rain
261,Viedma,AR,-40.8135,-62.9967,61.34,70,100,14.05,overcast clouds
262,Portland,US,45.5234,-122.6762,76.87,30,20,9.22,few clouds
263,Sechura,PE,-5.5569,-80.8222,82.42,54,43,17.63,scattered clouds
264,Moree,AU,-29.4667,149.85,64.42,82,75,6.91,broken clouds
265,Tateyama,JP,34.9833,139.8667,55.09,78,0,10.78,clear sky
266,Yarada,IN,17.65,83.2667,79.12,94,20,2.3,mist
267,Ardmore,US,34.1743,-97.1436,65.86,18,40,27.63,scattered clouds
268,Waipawa,NZ,-41.4122,175.5153,51.22,68,0,4.43,clear sky
269,Quatre Cocos,MU,-20.2078,57.7625,78.91,84,45,14.0,light rain
270,Baghdad,IQ,33.3406,44.4009,69.71,32,100,2.3,overcast clouds
271,Beringovskiy,RU,63.05,179.3167,2.73,73,22,4.27,few clouds
272,Avera,US,33.194,-82.5271,71.65,40,0,14.7,clear sky
273,Butaritari,KI,3.0707,172.7902,81.32,79,99,14.63,overcast clouds
274,Osmena,PH,10.5208,119.9258,77.67,85,100,4.63,overcast clouds
275,Saint George,US,37.1041,-113.5841,79.43,9,0,6.91,clear sky
276,Seymchan,RU,62.8833,152.4333,6.89,93,100,1.05,overcast clouds
277,Turukhansk,RU,65.8167,87.9833,5.04,98,46,5.41,scattered clouds
278,Fairbanks,US,64.8378,-147.7164,37.98,51,40,0.0,scattered clouds
279,Tamiahua,MX,21.2667,-97.45,77.88,51,73,19.42,broken clouds
280,Berdigestyakh,RU,62.0989,126.6992,6.17,99,98,3.2,overcast clouds
281,Akropong,GH,5.9746,-0.0854,77.95,75,52,9.19,broken clouds
282,Inzhavino,RU,52.3185,42.4937,43.5,84,88,9.22,overcast clouds
283,Bairiki,KI,1.3292,172.9752,82.4,78,75,6.91,broken clouds
284,Kuusamo,FI,65.9667,29.1833,23.04,86,0,8.05,clear sky
285,Nemuro,JP,43.3236,145.575,32.25,88,100,10.6,overcast clouds
286,Balkanabat,TM,39.5108,54.3671,63.46,47,99,6.44,overcast clouds
287,Half Moon Bay,US,37.4636,-122.4286,97.41,29,40,3.44,scattered clouds
288,Irbit,RU,57.6705,63.071,27.82,89,7,9.57,clear sky
289,Sarkand,KZ,45.41,79.9186,60.67,54,100,8.37,overcast clouds
290,Hobyo,SO,5.3505,48.5268,82.49,74,39,11.18,scattered clouds
291,Kushima,JP,31.4583,131.2333,53.06,80,0,5.77,clear sky
292,Kudahuvadhoo,MV,2.6708,72.8944,83.16,68,46,2.44,scattered clouds
293,Diego De Almagro,CL,-26.3667,-70.05,81.86,17,0,15.55,clear sky
294,Sibolga,ID,1.7427,98.7792,75.2,85,100,2.51,overcast clouds
295,Jutai,BR,-5.1833,-68.9,82.72,81,93,2.75,overcast clouds
296,Elliot Lake,CA,46.3834,-82.6331,41.88,80,99,7.0,overcast clouds
297,Pekan,MY,3.4836,103.3996,75.31,90,100,5.1,overcast clouds
298,Fortuna,US,40.5982,-124.1573,70.93,64,0,12.66,clear sky
299,San Juan Tepa,MX,20.2167,-99.0667,68.65,45,77,16.58,broken clouds
300,Ewo,CG,-0.8725,14.8206,79.74,63,38,2.77,scattered clouds
301,Lukulu,ZM,-14.3707,23.242,66.36,91,26,3.51,scattered clouds
302,Hambantota,LK,6.1241,81.1185,78.44,83,99,4.63,moderate rain
303,Porto Novo,BJ,6.4965,2.6036,82.63,79,57,9.78,broken clouds
304,Meadow Lake,US,34.8014,-106.5436,66.87,4,0,11.61,clear sky
305,Saldanha,ZA,-33.0117,17.9442,57.25,71,2,21.56,clear sky
306,Punta Alta,AR,-38.8759,-62.0736,68.81,63,100,16.75,overcast clouds
307,Port Macquarie,AU,-31.4333,152.9167,67.89,82,92,9.37,overcast clouds
308,Marolambo,MG,-20.05,48.1167,71.13,98,89,0.87,light rain
309,Uruzgan,AF,32.8333,66.0,65.39,22,0,3.58,clear sky
310,Kourou,GF,5.1552,-52.6478,77.05,92,97,9.51,light rain
311,Flinders,AU,-34.5833,150.8552,65.17,87,100,3.0,overcast clouds
312,Ust-Ishim,RU,57.6935,71.1665,34.36,97,100,7.94,overcast clouds
313,Hofn,IS,64.2539,-15.2082,30.36,61,72,12.93,broken clouds
314,Chimoio,MZ,-19.1164,33.4833,73.26,94,40,2.1,scattered clouds
315,Bengkulu,ID,-3.8004,102.2655,73.31,84,96,4.16,overcast clouds
316,La Ronge,CA,55.1001,-105.2842,43.05,49,75,5.75,broken clouds
317,The Valley,AI,18.217,-63.0578,82.26,69,20,14.97,few clouds
318,Sinnamary,GF,5.3833,-52.95,77.05,91,97,11.27,light rain
319,Bud,US,39.447,-86.1758,47.68,70,98,20.33,light rain
320,Saint-Georges,GD,12.0564,-61.7485,80.28,83,40,17.27,scattered clouds
321,Whitehorse,CA,60.7161,-135.0538,42.1,47,75,16.11,broken clouds
322,Coihaique,CL,-45.5752,-72.0662,56.01,67,20,3.44,few clouds
323,Muravlenko,RU,63.7898,74.523,-5.46,100,40,6.42,scattered clouds
324,Gao,ML,16.6362,1.637,92.46,7,0,8.1,clear sky
325,Pires Do Rio,BR,-17.2997,-48.2794,79.81,50,47,3.06,scattered clouds
326,Abu Dhabi,AE,24.4667,54.3667,80.71,69,0,3.44,clear sky
327,Meghraj,IN,23.5,73.5,87.12,19,88,13.65,overcast clouds
328,Grand Gaube,MU,-20.0064,57.6608,79.2,87,10,3.0,clear sky
329,Isangel,VU,-19.55,169.2667,82.51,89,40,2.3,scattered clouds
330,Atambua,ID,-9.1061,124.8925,72.59,87,100,3.29,overcast clouds
331,Presidente Epitacio,BR,-21.7633,-52.1156,85.84,55,99,7.14,overcast clouds
332,Sharan,RU,54.8167,54.0,24.35,95,37,3.89,scattered clouds
333,Quixeramobim,BR,-5.1992,-39.2928,80.58,68,100,3.94,overcast clouds
334,Gushikawa,JP,26.3544,127.8686,65.43,89,0,8.05,clear sky
335,Miraflores,MX,19.2167,-98.8083,79.56,21,100,7.14,overcast clouds
336,Asau,RO,46.4333,26.4,45.95,81,100,4.34,overcast clouds
337,Mildura,AU,-34.2,142.15,62.56,72,40,10.36,scattered clouds
338,Temba,ZA,-25.3803,28.2631,59.02,26,86,3.47,overcast clouds
339,Surt,LY,31.2089,16.5887,60.49,71,2,15.37,clear sky
340,Margate,GB,51.3813,1.3862,47.3,65,36,8.99,scattered clouds
341,Ekhabi,RU,53.5102,142.9671,17.24,91,78,5.03,broken clouds
342,Laguna,US,38.421,-121.4238,91.09,27,0,4.61,clear sky
343,Malkapur,IN,20.8833,76.2,89.2,15,0,6.44,clear sky
344,Aljezur,PT,37.3191,-8.8033,53.47,86,3,7.85,clear sky
345,Cockburn Town,TC,21.4612,-71.1419,78.66,76,1,18.32,clear sky
346,Pisco,PE,-13.7,-76.2167,71.65,73,0,25.32,clear sky
347,Ekibastuz,KZ,51.6667,75.3667,42.24,61,100,7.34,overcast clouds
348,Champasak,LA,14.75,106.0,69.42,78,100,1.54,overcast clouds
349,Cuenca,EC,-2.8833,-78.9833,66.33,68,75,6.91,broken clouds
350,Takoradi,GH,4.8845,-1.7554,81.66,82,75,8.46,broken clouds
351,Kununurra,AU,-15.7667,128.7333,73.38,94,100,0.0,overcast clouds
352,Mandiana,GN,10.6333,-8.6833,88.72,34,97,3.65,overcast clouds
353,Norman Wells,CA,65.282,-126.8329,39.24,30,20,12.66,few clouds
354,Triesen,LI,47.1,9.5333,51.01,73,100,7.4,overcast clouds
355,Tulun,RU,54.5611,100.5792,29.57,86,35,5.39,scattered clouds
356,Bathsheba,BB,13.2167,-59.5167,83.01,65,20,16.11,few clouds
357,Nioki,CD,-2.7167,17.6833,72.73,90,98,1.88,overcast clouds
358,Rawson,AR,-43.3002,-65.1023,56.88,81,100,17.85,light rain
359,Victoria,HK,22.2855,114.1577,71.65,50,0,18.01,clear sky
360,Bethel,US,41.3712,-73.414,50.85,90,100,19.57,light rain
361,Orgtrud,RU,56.1832,40.6149,39.78,99,100,10.54,overcast clouds
362,Romny,UA,50.751,33.4747,48.69,63,65,11.88,broken clouds
363,Clifton,US,40.8584,-74.1638,52.39,93,100,23.02,mist
364,Vanimo,PG,-2.6741,141.3028,77.5,88,100,4.5,overcast clouds
365,Northport,US,33.229,-87.5772,66.58,33,20,17.27,few clouds
366,Podor,MR,16.6527,-14.9587,92.53,14,4,13.96,clear sky
367,Batemans Bay,AU,-35.7167,150.1833,63.1,91,100,5.7,moderate rain
368,Hope,US,33.6671,-93.5916,66.25,39,100,15.19,overcast clouds
369,Shuangyang,CN,43.5242,125.6736,38.07,37,10,13.4,clear sky
370,Shirokiy,RU,49.758,129.523,22.68,94,100,7.05,light snow
371,Markova,UA,48.6758,24.4138,44.92,87,72,6.78,broken clouds
372,Sinop,TR,41.7711,34.8709,51.13,92,100,4.54,light rain
373,Lyuban,BY,52.7985,28.0048,51.93,71,100,16.15,overcast clouds
374,Ayagoz,KZ,47.9714,80.4392,52.21,80,99,15.7,overcast clouds
375,Parker,US,32.7668,-97.8003,70.02,16,3,11.99,clear sky
376,Sumenep,ID,-7.0167,113.8667,77.74,83,90,3.06,overcast clouds
377,Sembakung,ID,3.8167,117.25,73.78,100,100,1.74,moderate rain
378,Mkushi,ZM,-13.6202,29.3939,64.38,95,100,3.62,light rain
379,Westport,US,41.1415,-73.3579,51.75,95,100,23.02,moderate rain
380,Sao Filipe,CV,14.8961,-24.4956,73.35,73,28,13.35,scattered clouds
381,Saint-Augustin,CA,51.226,-58.6502,34.03,100,98,6.26,overcast clouds
382,Elat,IL,29.5581,34.9482,85.84,20,40,4.61,dust
383,Lagoa,PT,39.05,-27.9833,59.4,83,100,15.08,overcast clouds
384,Adrar,MR,20.5022,-10.0711,77.22,16,0,11.99,clear sky
385,Sambava,MG,-14.2667,50.1667,76.12,92,100,6.24,overcast clouds
386,Oranjemund,NA,-28.55,16.4333,59.49,78,39,24.05,scattered clouds
387,Sao Joao Da Barra,BR,-21.6403,-41.0511,78.89,77,96,9.91,overcast clouds
388,Victor Harbor,AU,-35.5667,138.6167,59.34,83,0,5.28,clear sky
389,Gorontalo,ID,0.5412,123.0595,74.62,93,100,1.14,overcast clouds
390,Zhanakorgan,KZ,43.9098,67.2495,60.98,54,82,5.08,broken clouds
391,Saiha,IN,22.4833,92.9667,66.96,72,0,3.24,clear sky
392,Makakilo City,US,21.3469,-158.0858,82.72,48,0,20.71,clear sky
393,Formosa,AR,-26.1775,-58.1781,71.58,94,100,6.91,overcast clouds
394,Gorele,TR,41.0308,39.0031,57.67,62,98,11.1,overcast clouds
395,Towada,JP,40.6127,141.2067,35.2,92,56,8.81,light snow
396,Miyako,JP,39.6367,141.9525,41.81,66,10,12.15,clear sky
397,Namatanai,PG,-3.6667,152.4333,78.04,87,100,2.53,moderate rain
398,Cap-Aux-Meules,CA,47.3821,-61.8597,37.45,70,20,12.66,few clouds
399,Miles City,US,46.4083,-105.8406,52.77,32,40,24.16,scattered clouds
400,Tuatapere,NZ,-46.1333,167.6833,53.51,79,97,13.29,overcast clouds
401,Vestmanna,FO,62.1564,-7.1664,32.92,80,100,27.63,light snow
402,Novoagansk,RU,61.9449,76.6625,7.43,100,100,4.12,overcast clouds
403,Tahoua,NE,14.8888,5.2692,86.63,8,100,4.21,overcast clouds
404,Alyangula,AU,-13.8483,136.4192,67.87,100,90,2.3,overcast clouds
405,Port Hardy,CA,50.6996,-127.4199,46.58,76,100,4.61,light rain
406,Tessalit,ML,20.1986,1.0114,90.16,8,0,9.19,clear sky
407,Media Luna,CU,20.1419,-77.435,84.13,64,41,8.01,scattered clouds
408,Ust-Barguzin,RU,53.45,108.9833,29.86,92,90,4.32,overcast clouds
409,Kavieng,PG,-2.5744,150.7967,78.66,86,100,3.76,moderate rain
410,Morant Bay,JM,17.8815,-76.4093,83.71,71,65,12.19,broken clouds
411,Las Palmas,ES,28.4204,-14.0131,61.59,63,40,20.71,scattered clouds
412,Paoua,CF,7.2427,16.4406,80.49,45,83,4.03,broken clouds
413,Colares,PT,38.7992,-9.4469,60.33,69,75,13.0,broken clouds
414,Urucurituba,BR,-2.6833,-57.6667,81.07,91,68,1.36,broken clouds
415,Imbituba,BR,-28.24,-48.6703,73.81,81,99,8.7,moderate rain
416,Gus-Zheleznyy,RU,55.0581,41.1656,43.09,92,100,10.76,overcast clouds
417,Mayumba,GA,-3.432,10.6554,77.7,93,95,7.29,overcast clouds
418,Verkhnetulomskiy,RU,68.6073,31.7962,23.13,96,28,4.52,scattered clouds
419,Katsuura,JP,35.1333,140.3,53.65,87,0,10.29,clear sky
420,Nizhniy Ingash,RU,56.2,96.53,31.37,90,29,8.16,scattered clouds
421,Forestville,US,38.8451,-76.875,52.36,95,100,11.5,thunderstorm with light rain
422,Itaueira,BR,-7.6033,-43.0256,83.17,46,100,2.21,overcast clouds
423,Neryungri,RU,56.6709,124.6491,8.1,96,100,2.86,light snow
424,Buala,SB,-8.145,159.5921,80.83,82,97,10.76,light rain
425,Port-Gentil,GA,-0.7193,8.7815,80.56,89,75,12.66,broken clouds
426,Nanortalik,GL,60.1432,-45.2371,30.49,85,99,12.21,overcast clouds
427,Abha,SA,18.2164,42.5053,62.42,11,0,4.61,clear sky
428,Verkhnevilyuysk,RU,63.4453,120.3167,-4.38,100,88,3.56,overcast clouds
429,Port Hueneme,US,34.1478,-119.1951,99.07,9,0,23.02,clear sky
430,Kulhudhuffushi,MV,6.6221,73.07,83.77,68,45,1.99,scattered clouds
431,Tiznit,MA,29.5833,-9.5,57.88,67,0,3.65,clear sky
432,Raudeberg,NO,61.9875,5.1352,36.86,56,36,15.55,scattered clouds
433,Havelock,US,34.8791,-76.9013,78.03,88,100,23.02,overcast clouds
434,Hay River,CA,60.8156,-115.7999,48.18,34,75,13.8,broken clouds
435,Tura,IN,25.5198,90.2201,70.72,78,13,2.95,few clouds
436,Praya,CV,14.9215,-23.5087,72.14,73,20,16.11,few clouds
437,Madang,PG,-5.2246,145.7966,75.85,93,100,4.07,overcast clouds
438,Hamilton,US,39.1834,-84.5333,53.98,48,75,16.11,broken clouds
439,Yeniseysk,RU,58.4497,92.1703,29.57,89,48,7.31,scattered clouds
440,Pocone,BR,-16.2567,-56.6228,86.36,61,0,3.71,clear sky
441,Saucillo,MX,28.0167,-105.2833,81.79,12,0,7.58,clear sky
442,Plettenberg Bay,ZA,-34.0527,23.3716,56.77,74,57,5.79,broken clouds
443,Kinkala,CG,-4.3614,14.7644,73.72,92,99,3.49,overcast clouds
444,Borba,BR,-4.3878,-59.5939,80.6,93,84,2.51,moderate rain
445,Pincher Creek,CA,49.4833,-113.952,60.49,23,100,26.46,overcast clouds
446,Bandarbeyla,SO,9.4942,50.8122,79.86,79,74,8.25,broken clouds
447,Acarau,BR,-2.8856,-40.12,78.44,85,93,11.03,overcast clouds
448,Yumen,CN,40.2833,97.2,56.39,15,5,13.67,clear sky
449,Pacific Grove,US,36.6177,-121.9166,91.51,13,0,6.91,clear sky
450,Suez,EG,29.9737,32.5263,82.06,19,97,9.42,overcast clouds
451,Kahului,US,20.8947,-156.47,84.22,58,20,21.85,few clouds
452,Goya,AR,-29.14,-59.2626,66.96,94,100,6.67,overcast clouds
453,Canutama,BR,-6.5339,-64.3831,83.52,77,100,2.57,overcast clouds
454,Sao Felix Do Xingu,BR,-6.6447,-51.995,77.94,89,46,3.29,scattered clouds
455,Usinsk,RU,65.9939,57.5281,0.52,94,100,10.27,overcast clouds
456,Keetmanshoop,NA,-26.5833,18.1333,68.92,28,71,10.36,broken clouds
457,Severo-Yeniseyskiy,RU,60.3725,93.0408,24.4,87,100,10.56,light snow
458,Taitung,TW,22.7583,121.1444,68.99,80,87,12.19,overcast clouds
459,Koshurnikovo,RU,54.1667,93.3,23.65,93,10,3.47,clear sky
460,Xingcheng,CN,40.6167,120.7167,42.42,68,29,9.73,scattered clouds
461,Los Llanos De Aridane,ES,28.6585,-17.9182,60.55,81,20,11.5,few clouds
462,Athens,GR,37.9795,23.7162,64.78,61,20,11.01,few clouds
463,Okhotsk,RU,59.3833,143.3,21.92,92,100,9.13,light snow
464,Vostochnyy,RU,55.8167,37.8667,44.78,100,100,6.26,overcast clouds
465,Anderson,US,34.5334,-82.6499,70.59,27,20,14.97,few clouds
466,Susanville,US,40.4163,-120.653,75.81,21,33,3.0,scattered clouds
467,Geilo,NO,60.5333,8.2076,23.7,96,100,5.1,light snow
468,Ozernovskiy,RU,51.5,156.5167,31.19,84,100,1.79,overcast clouds
469,Ponta Delgada,PT,37.7333,-25.6667,63.32,94,75,24.16,broken clouds
470,Salalah,OM,17.0151,54.0924,80.69,78,0,3.44,clear sky
471,Grindavik,IS,63.8424,-22.4338,30.67,59,75,8.05,broken clouds
472,Virginia Beach,US,36.8529,-75.978,82.45,54,20,14.97,few clouds
473,La Victoria,VE,10.2184,-67.3302,89.26,36,100,2.08,overcast clouds
474,Brewster,US,41.3973,-73.6171,51.08,94,100,19.57,moderate rain
475,Baherden,TM,38.4362,57.4316,71.33,35,42,8.72,scattered clouds
476,Aleksandrov Gay,RU,50.147,48.5704,49.05,75,72,9.95,broken clouds
477,Itarema,BR,-2.9248,-39.9167,77.63,88,88,10.63,overcast clouds
478,Hovd,MN,48.0056,91.6419,47.05,30,48,9.69,scattered clouds
479,Saurimo,AO,-9.6608,20.3916,64.17,95,66,2.44,broken clouds
480,Zaozerne,UA,45.1582,33.2787,48.96,73,91,6.58,overcast clouds
481,Santa Adelia,BR,-21.2428,-48.8042,78.82,65,66,7.11,broken clouds
482,Qasigiannguit,GL,68.8193,-51.1922,21.45,92,77,0.6,broken clouds
483,Clovis,US,36.8252,-119.7029,91.04,24,40,4.61,scattered clouds
484,Trat,TH,12.5,102.5,73.49,68,100,7.47,overcast clouds
485,Mount Isa,AU,-20.7333,139.5,67.77,32,0,6.91,clear sky
486,Caconda,AO,-13.7333,15.0667,63.0,85,57,3.65,broken clouds
487,Theodoriana,GR,39.4356,21.21,47.07,69,91,5.48,overcast clouds
488,Faya,SA,18.3851,42.4509,62.71,10,0,5.14,clear sky
489,Valdemarpils,LV,57.3707,22.5919,47.52,84,100,17.0,overcast clouds
490,Pizarro,CO,4.9533,-77.366,80.69,78,100,6.89,overcast clouds
491,Puerto Del Rosario,ES,28.5004,-13.8627,64.15,63,40,20.71,scattered clouds
492,Honiara,SB,-9.4333,159.95,78.87,86,100,6.13,overcast clouds
493,Bubaque,GW,11.2833,-15.8333,76.66,78,29,17.0,scattered clouds
494,Panama City,PA,8.9936,-79.5197,91.35,57,40,13.8,scattered clouds
495,Ust-Nera,RU,64.5667,143.2,15.37,92,100,4.52,overcast clouds
496,Pangnirtung,CA,66.1451,-65.7125,12.2,92,100,0.0,light snow
497,Inhambane,MZ,-23.865,35.3833,75.85,87,55,5.77,light rain
498,Vega De Alatorre,MX,20.0333,-96.6333,77.34,66,42,26.31,scattered clouds
499,Mokrousovo,RU,55.8103,66.7653,33.91,87,100,10.47,overcast clouds
500,Kinablangan,PH,7.6947,126.5503,76.96,88,95,3.2,overcast clouds
501,Santa Fe,AR,-31.6333,-60.7,82.0,68,28,4.0,light rain
502,Chipinge,ZW,-20.1883,32.6236,64.2,91,3,6.04,clear sky
503,Manoel Urbano,BR,-8.8389,-69.2597,83.41,74,98,0.85,overcast clouds
504,Egvekinot,RU,66.3167,-179.1667,-7.38,91,100,3.09,overcast clouds
505,Paragould,US,36.0584,-90.4973,61.09,39,93,1.01,overcast clouds
506,Eskil,TR,38.4017,33.4131,60.53,43,40,29.66,scattered clouds
507,Santa Rosa,PH,14.3122,121.1114,79.11,85,93,5.08,overcast clouds
508,Bonavista,CA,48.6499,-53.1147,32.16,97,100,25.01,light snow
509,Tucuman,AR,-26.8241,-65.2226,77.0,61,40,8.05,scattered clouds
510,Kishi,NG,9.0833,3.85,81.52,66,46,11.65,scattered clouds
511,Sistranda,NO,63.7256,8.834,30.16,61,7,21.21,clear sky
512,Mantua,IT,45.1667,10.7833,58.24,72,90,5.99,overcast clouds
513,Ocean City,US,39.2776,-74.5746,61.05,91,100,8.01,overcast clouds
514,Nouakchott,MR,18.0858,-15.9785,85.93,43,6,12.82,clear sky
515,Dicabisagan,PH,17.0818,122.4157,75.22,91,87,4.45,overcast clouds
516,Yar-Sale,RU,66.8333,70.8333,-7.64,100,100,8.48,overcast clouds
517,Lemgo,DE,52.0333,8.9,44.44,87,100,5.01,overcast clouds
518,Molochnoye,RU,59.2917,39.6787,32.95,98,100,10.16,overcast clouds
519,Birao,CF,10.2849,22.7882,81.91,46,32,7.92,scattered clouds
520,Gumdag,TM,39.2061,54.5906,59.9,56,98,12.88,overcast clouds
521,La Union,PE,-5.4,-80.75,88.34,40,59,18.66,broken clouds
522,Vorobyevka,RU,50.6451,40.9245,47.03,70,17,8.97,few clouds
523,Tual,ID,-5.6667,132.75,83.43,74,94,9.75,overcast clouds
524,Maningrida,AU,-12.0667,134.2667,73.89,76,99,5.97,overcast clouds
525,Srednekolymsk,RU,67.45,153.6833,-4.47,96,59,6.22,broken clouds
526,Aykhal,RU,66.0,111.5,9.86,97,100,5.03,overcast clouds
527,Uchiza,PE,-8.4592,-76.4633,83.05,63,99,0.58,overcast clouds
528,Maiduguri,NG,11.8464,13.1603,90.12,13,20,7.47,few clouds
529,Mana,GF,5.6592,-53.7767,78.01,87,28,11.21,light rain
530,Panormos,GR,35.4182,24.6909,61.02,85,28,19.22,scattered clouds
531,Darnah,LY,32.767,22.6367,59.2,84,71,27.31,broken clouds
532,Ruteng,ID,-8.6136,120.4721,61.47,84,93,1.05,overcast clouds
533,Liepaja,LV,56.5419,21.0367,44.58,87,100,20.71,light rain
534,Luangwa,ZM,-15.6167,30.4167,73.54,87,100,3.24,light rain
535,Cascais,PT,38.6979,-9.4215,60.51,69,75,13.0,broken clouds
536,Igurubi,TZ,-4.0,33.7,69.3,74,32,3.31,scattered clouds
537,Agustin Codazzi,CO,10.0341,-73.2361,94.98,47,94,5.53,overcast clouds
538,Clyde,US,41.3042,-82.9752,49.69,53,98,16.96,overcast clouds
539,Opotiki,NZ,-38.0833,177.2833,55.38,57,0,0.87,clear sky
540,Puerto Narino,CO,-3.7703,-70.3831,85.57,70,58,1.72,broken clouds
541,Dali,CN,25.7,100.1833,54.19,77,70,2.51,broken clouds
542,Madingou,CG,-4.1536,13.55,76.05,94,94,3.0,light rain
543,San Nicolas,PH,18.1725,120.5953,78.71,78,75,17.27,broken clouds
544,Luderitz,NA,-26.6481,15.1594,63.99,57,28,18.45,scattered clouds
545,Puerto Leguizamo,CO,-0.1934,-74.7819,80.06,83,96,1.99,overcast clouds
546,Khetri,IN,27.9833,75.8,79.86,8,0,4.54,clear sky
547,Beyneu,KZ,45.3167,55.2,56.89,50,100,14.79,overcast clouds
548,Bouna,CI,9.2667,-3.0,76.95,76,100,4.81,light rain
549,Berlevag,NO,70.8578,29.0864,32.0,80,88,23.94,overcast clouds
550,Fuyang,CN,32.9,115.8167,58.46,90,0,5.37,clear sky
551,Kirovskaya,RU,46.9748,40.0402,53.96,69,4,14.09,clear sky
552,Progreso,MX,21.2833,-89.6667,93.31,74,34,15.61,scattered clouds
553,Tolaga Bay,NZ,-38.3667,178.3,57.76,60,1,2.37,clear sky
554,Duluth,US,46.7833,-92.1066,33.3,81,75,16.11,haze
555,Urubicha,BO,-15.3833,-62.95,88.68,53,65,1.86,broken clouds
556,Selfoss,IS,63.9331,-20.9971,26.04,66,79,8.86,broken clouds
557,Pergamino,AR,-33.89,-60.5736,78.19,43,13,5.64,few clouds
558,Conde,BR,-7.2597,-34.9075,80.06,83,20,10.36,few clouds
559,Noumea,NC,-22.2763,166.4572,82.38,99,100,9.37,heavy intensity rain
560,Yerbogachen,RU,61.2767,108.0108,28.45,94,100,10.49,light snow
561,Kathu,TH,7.9178,98.3332,83.7,79,100,2.39,overcast clouds
562,Northam,GB,51.0333,-4.2167,44.65,78,97,11.34,overcast clouds
563,Buluang,PH,13.3068,123.3425,74.62,93,100,2.93,light rain
564,Luebo,CD,-5.35,21.4167,73.04,87,38,0.69,scattered clouds
565,Macklin,CA,52.3334,-109.9348,57.54,42,62,9.31,broken clouds
566,Verkh-Usugli,RU,52.7,115.1667,32.99,73,14,8.84,few clouds
567,Felanitx,ES,39.4696,3.1483,59.02,76,1,16.04,clear sky
568,Corn Island,NI,12.1694,-83.0418,81.39,75,64,14.34,broken clouds
569,Lasa,IT,46.6166,10.7002,47.28,98,100,4.34,overcast clouds
570,Trincomalee,LK,8.5711,81.2335,82.47,75,84,3.56,broken clouds
571,Kemijarvi,FI,66.7131,27.4306,25.63,92,97,7.74,overcast clouds
572,Bilma,NE,18.6853,12.9164,90.45,6,0,7.47,clear sky
573,Vila Do Maio,CV,15.1333,-23.2167,72.39,79,64,17.56,broken clouds
574,Taos,US,36.4072,-105.5731,59.4,9,0,19.57,clear sky
575,Natal,BR,-5.795,-35.2094,82.62,78,20,9.22,few clouds
576,Inta,RU,66.0317,60.1659,-4.79,100,94,7.31,overcast clouds
577,Jinchang,CN,38.4953,102.1739,56.61,13,76,9.86,broken clouds
578,Sosnovo-Ozerskoye,RU,52.5249,111.5418,32.4,79,100,14.92,overcast clouds
579,Butembo,CD,0.15,29.2833,59.25,79,97,3.6,overcast clouds
580,Piranhas,BR,-16.4269,-51.8222,83.64,63,0,3.27,clear sky
581,Brae,GB,60.3964,-1.353,41.22,63,97,22.77,overcast clouds
582,Barreirinha,BR,-2.7933,-57.07,81.19,90,93,2.26,overcast clouds
583,Vysokogornyy,RU,50.1167,139.15,16.16,93,100,4.52,overcast clouds
584,Zyryanka,RU,65.75,150.85,-2.11,100,100,3.58,overcast clouds
585,Enshi,CN,30.3,109.4833,58.84,76,0,0.2,clear sky
586,Beian,NO,63.6559,9.5683,31.01,80,40,11.5,scattered clouds
587,Arroyo,ES,41.6096,-4.7969,53.6,72,0,9.22,clear sky
588,Tilichiki,RU,60.4667,166.1,10.89,93,100,7.05,overcast clouds
589,Salinopolis,BR,-0.6136,-47.3561,78.39,86,97,6.13,light rain
590,Praia Da Vitoria,PT,38.7333,-27.0667,61.75,88,40,9.69,scattered clouds
591,Conceicao Do Araguaia,BR,-8.2578,-49.2647,78.73,86,11,2.39,few clouds
592,Havre-Saint-Pierre,CA,50.2334,-63.5986,39.2,70,100,9.22,overcast clouds
593,Yen Bai,VN,21.7,104.8667,67.75,70,0,2.06,clear sky
594,Harlingen,US,26.1906,-97.6961,80.69,21,0,16.11,clear sky
595,Qianguo,CN,45.1171,124.8568,43.43,32,100,24.16,overcast clouds
596,Meulaboh,ID,4.1363,96.1285,75.63,85,98,3.44,overcast clouds
597,Sobolevo,RU,54.4299,31.8996,48.06,87,100,17.27,overcast clouds
598,Champerico,GT,14.3,-91.9167,95.54,60,71,14.9,broken clouds
599,Baykit,RU,61.67,96.37,22.03,96,100,4.76,overcast clouds
600,Hervey Bay,AU,-25.2986,152.8535,72.01,94,28,3.0,scattered clouds
601,Kingston,JM,17.997,-76.7936,83.25,75,75,27.63,broken clouds
602,La Plata,AR,-34.9215,-57.9545,80.04,62,0,11.27,clear sky
603,Omboue,GA,-1.5746,9.2618,78.55,91,81,7.87,light rain
604,Heilbron,ZA,-27.2812,27.9709,53.82,37,0,6.11,clear sky
605,Ugoofaaru,MV,5.6667,73.0,83.7,67,96,1.48,overcast clouds
606,Trinidad,BO,-14.8333,-64.9,93.18,55,40,5.75,scattered clouds
607,Doha,QA,25.2867,51.5333,76.89,73,0,3.44,clear sky
608,Oakley,US,37.9974,-121.7124,90.88,31,89,4.0,overcast clouds
609,Belmonte,BR,-15.8631,-38.8828,76.93,76,0,7.27,clear sky
610,Wooster,US,40.8051,-81.9351,53.85,59,100,14.97,overcast clouds
611,Guaraniacu,BR,-25.1008,-52.8781,66.06,98,98,0.81,moderate rain
612,Oussouye,SN,12.485,-16.5469,82.58,63,76,7.94,broken clouds
613,Nhulunbuy,AU,-12.2333,136.7667,75.81,88,100,0.0,overcast clouds
614,Proletarsk,RU,46.7031,41.7192,48.6,65,1,14.94,clear sky
615,Hillsborough,US,37.5741,-122.3794,96.01,30,75,3.44,broken clouds
616,Acapulco,MX,16.8634,-99.8901,78.62,73,75,11.5,broken clouds
617,Bloemfontein,ZA,-29.1211,26.214,49.48,57,59,2.3,broken clouds
618,Xai-Xai,MZ,-25.0519,33.6442,75.4,79,80,16.71,light rain
619,Altay,CN,47.8667,88.1167,48.6,48,99,6.62,overcast clouds
620,Sijunjung,ID,-0.6876,100.9537,71.87,79,99,1.52,overcast clouds
621,Jaguey Grande,CU,22.5269,-81.1286,89.02,44,76,10.74,moderate rain
622,Bandundu,CD,-3.3167,17.3667,72.18,90,100,1.83,overcast clouds
623,Tiarei,PF,-17.5333,-149.3333,84.22,77,10,19.6,light rain
624,Tromso,NO,69.6496,18.957,30.22,59,0,5.75,clear sky
625,Pochutla,MX,15.7432,-96.4661,89.82,39,100,8.81,overcast clouds
626,Tabas,IR,33.5959,56.9244,80.82,9,65,6.91,broken clouds
627,Elista,RU,46.3078,44.2558,43.32,65,3,11.18,clear sky
628,Makushino,RU,55.2103,67.2442,34.21,91,100,11.97,overcast clouds
629,Matera,IT,40.5,16.4167,53.33,86,3,3.29,clear sky
630,Matagami,CA,49.7502,-77.6328,33.91,93,100,6.91,snow
631,Maksatikha,RU,57.797,35.8825,39.15,99,100,7.74,overcast clouds
632,Valley City,US,46.9233,-98.0032,37.92,65,75,24.16,broken clouds
633,Senanga,ZM,-16.1167,23.2667,69.58,73,37,5.53,scattered clouds
634,Ulaangom,MN,49.9811,92.0667,30.33,84,79,2.44,broken clouds
635,Cairns,AU,-16.9167,145.7667,77.07,91,40,10.36,scattered clouds
636,Petatlan,MX,17.5167,-101.2667,78.6,44,13,6.15,few clouds
637,Buraydah,SA,26.326,43.975,77.45,8,96,10.02,overcast clouds
638,Tsiroanomandidy,MG,-18.7667,46.0333,67.3,86,27,0.83,scattered clouds
639,Djibo,BF,14.1022,-1.6306,95.49,10,17,7.56,few clouds
640,Heihe,CN,50.2441,127.4902,30.78,96,100,13.11,snow
641,Naberera,TZ,-4.2,36.9333,63.0,82,0,6.11,clear sky
642,Nurmahal,IN,31.0964,75.5967,75.51,16,0,3.56,clear sky
643,Teguise,ES,29.0605,-13.564,59.22,63,20,12.66,few clouds
644,Zabaykalsk,RU,49.6333,117.3167,40.44,74,29,21.41,scattered clouds
645,Ola,RU,59.5833,151.2833,23.14,85,100,8.03,overcast clouds
646,Miracema Do Tocantins,BR,-9.5618,-48.3967,79.83,70,41,4.12,scattered clouds
647,Eureka,US,40.8021,-124.1637,71.2,63,100,5.01,overcast clouds
648,Twentynine Palms,US,34.1356,-116.0542,88.92,3,0,4.0,clear sky
649,Madimba,TZ,-10.4,40.3333,78.82,83,11,2.91,few clouds
650,Bismarck,US,46.8083,-100.7837,49.84,35,20,29.93,few clouds
651,Gravdal,NO,68.1214,13.5031,31.89,64,0,5.75,clear sky
652,Athabasca,CA,54.7169,-113.2854,50.41,51,30,14.92,scattered clouds
653,Huanren,CN,41.2647,125.3667,35.89,50,1,5.79,clear sky
654,Kieta,PG,-6.2167,155.6333,77.88,80,98,2.68,overcast clouds
655,Balakhninskiy,RU,58.0106,114.2769,21.88,97,100,2.33,overcast clouds
656,Kasane,BW,-17.8167,25.15,68.59,62,5,1.79,clear sky
657,Olafsvik,IS,64.8945,-23.7142,29.12,83,100,2.64,light snow
658,Houma,US,29.5958,-90.7195,75.2,28,0,14.97,clear sky
659,Najran,SA,17.4924,44.1277,66.85,8,0,2.42,clear sky
660,Cananeia,BR,-25.0147,-47.9267,71.15,82,100,4.9,overcast clouds
661,Demyansk,RU,57.643,32.466,42.19,98,100,9.28,overcast clouds
662,Mocuba,MZ,-16.8392,36.9856,72.57,97,100,2.53,overcast clouds
663,Mae Sai,TH,20.4335,99.8762,72.36,73,79,1.77,broken clouds
664,Grozesti,RO,44.65,23.3167,46.53,85,40,12.82,scattered clouds
665,La Asuncion,VE,11.0333,-63.8628,83.93,65,99,21.85,overcast clouds
666,Mayo,US,38.8876,-76.5119,53.71,94,100,10.36,mist
667,Kalmunai,LK,7.4167,81.8167,78.89,82,83,3.87,broken clouds
668,Aksarayskiy,RU,46.7924,48.0119,49.19,50,7,7.83,clear sky
669,Haverfordwest,GB,51.8017,-4.9691,45.99,83,90,1.99,overcast clouds
670,Elk City,US,35.412,-99.4043,62.82,10,100,24.16,overcast clouds
671,Aketi,CD,2.7388,23.7833,69.51,97,84,4.81,light rain
672,Craigieburn,AU,-37.6,144.95,56.41,97,0,5.75,clear sky
673,Ayan,RU,56.45,138.1667,21.34,79,84,4.97,broken clouds
674,Bestobe,KZ,52.4994,73.0975,40.73,69,100,7.09,overcast clouds
675,Nerchinskiy Zavod,RU,51.3088,119.61,36.32,88,80,6.11,broken clouds
676,Havoysund,NO,70.9963,24.6622,34.03,94,100,21.54,light snow
677,Tarakan,ID,3.3,117.6333,74.7,100,75,0.0,moderate rain
678,Tokur,RU,53.1333,132.9,3.51,96,98,3.38,overcast clouds
679,Kitakami,JP,39.2833,141.1167,41.97,75,45,14.03,scattered clouds
680,Karaton,ID,-6.3424,106.1045,73.04,94,95,6.69,overcast clouds
681,North Myrtle Beach,US,33.816,-78.68,76.12,89,40,20.71,scattered clouds
682,Rypefjord,NO,70.6333,23.6667,32.47,93,75,11.5,light shower snow
683,Aquiraz,BR,-3.9014,-38.3911,81.18,89,99,7.96,overcast clouds
